last_five,african_american_share,poor_share,racial_segregation,income_segregation,gini99,school_exp_pc,dropout_r,singleparent_share,median_house_value
0,.49107251,.3350212,.24093725,.040638816,.38139072,4.8891711,.015397239,.40965718,65563.789
1,.0014455878,.095230997,.051709656,.0078716725,.2129233,5.7749338,-.032883238,.10878028,82000.734
